id,project_id,kicc_project_id,title,teaser,background_objectives,tasks_eligibility,country,theme,duration,difficulty,headcount,total_headcount,cover_image,cover_image_blob,cover_image_blob_mime,cover_image_blob_name,cover_image_url,application_deadline,start_date,end_date,is_active,is_hero_highlight,is_featured,created_at,updated_at
1,project_id_1,,2017.08.07 創立年菁英領袖計畫-遊學台東、做志工活動起源,Join us for 2017.08.07 創立年菁英領袖計畫-遊學台東、做志工活動起源,An exciting volunteer opportunity in Taiwan.,Open to all volunteers passionate about community service.,Taiwan,Community Development,40,Medium,9,21,,,,,wix:image://v1/99728a_de1775ee6a3844aca1040f3b20bb2ce3~mv2.jpg/004.jpg#originWidth=200&originHeight=200,2017-07-24T23:59:59Z,2017-08-07,2017-08-09,True,True,True,2023-07-02T13:54:47Z,2023-11-17T12:45:35Z
2,project_id_2,,2018.08.06 第一屆菁英領袖計畫-培訓營,Join us for 2018.08.06 第一屆菁英領袖計畫-培訓營,An exciting volunteer opportunity in Taiwan.,Open to all volunteers passionate about community service.,Taiwan,Community Development,40,Medium,6,27,,,,,wix:image://v1/5150f3_d2e0c7ef8c5744adabbc1f206f150f8a~mv2.jpg/c62b4551223cdfe6702f7cae686242d28_4620693218520327003_180810_0152.jpg#originWidth=1478&originHeight=1108,2018-07-23T23:59:59Z,2018-08-06,2018-08-07,True,True,True,2023-07-02T13:16:17Z,2023-11-17T12:45:35Z
3,project_id_3,,2023.01.22第五屆全球菁英計畫-美國加州 La Salle High School  拉賽爾高中,Join us for 2023.01.22第五屆全球菁英計畫-美國加州 La Salle High School  拉賽爾高中,An exciting volunteer opportunity in Taiwan.,Open to all volunteers passionate about community service.,Taiwan,Community Development,40,Medium,14,20,,,,,wix:image://v1/719c6f_d7171932191a4c50982ff7fd6f7e114c~mv2.jpg/IMG_3098.JPG#originWidth=4032&originHeight=3024,2023-01-08T23:59:59Z,2023-01-22,2023-02-06,True,True,True,2023-07-03T00:42:38Z,2023-11-17T12:45:35Z
4,project_id_4,,2017.07.11 創立年-全球貢(共)學志工協會創立晚會,Join us for 2017.07.11 創立年-全球貢(共)學志工協會創立晚會,An exciting volunteer opportunity in Taiwan.,Open to all volunteers passionate about community service.,Taiwan,Community Development,40,Medium,10,24,,,,,wix:image://v1/5150f3_56b1b6d1da854eb2a19cb527b93ce0c9~mv2.jpg/18813849_2311550679069242_4519977278926167815_n.jpg#originWidth=960&originHeight=540,2017-07-18T23:59:59Z,2017-08-01,2017-08-15,True,False,True,2023-07-02T23:35:48Z,2023-11-17T12:45:35Z
5,project_id_5,,2019.07.01第二屆菁英領袖計畫-中央大學  職涯論壇夏令營,Join us for 2019.07.01第二屆菁英領袖計畫-中央大學  職涯論壇夏令營,An exciting volunteer opportunity in Taiwan.,Open to all volunteers passionate about community service.,Taiwan,Community Development,40,Medium,15,29,,,,,wix:image://v1/99728a_c20031abf4e143f189610635b9d1dbb4~mv2.jpg/%E4%B8%AD%E5%A4%AE%E5%A4%A7%E5%AD%B8%E8%81%B7%E6%B6%AF%E8%AB%96%E5%A4%8F%E4%BB%A4%E7%87%9F%E7%BE%8E%E5%9C%8B%E4%BF%84%E5%8B%92%E5%B2%A1%E5%B7%9E%E9%AB%98%E4%B8%AD%E7%94%9F%E9%80%B2%E8%A1%8C%E7%BE%8E%E5%9C%8B%E6%96%87%E5%8C%96%E4%BA%A4%E6%B5%81%E5%88%86%E4%BA%AB.jpg#originWidth=526&originHeight=701,2019-06-17T23:59:59Z,2019-07-01,2019-08-31,True,False,True,2023-07-02T08:42:33Z,2023-11-17T12:45:35Z
6,project_id_6,,2017.06.17 創立年菁英領袖計畫-菁英領袖計畫 台東志工,Join us for 2017.06.17 創立年菁英領袖計畫-菁英領袖計畫 台東志工,An exciting volunteer opportunity in Taiwan.,Open to all volunteers passionate about community service.,Taiwan,Community Development,40,Medium,12,26,,,,,wix:image://v1/5150f3_575452c90ef9471fb5eeee2f3af0a9a6~mv2.jpg/21728307_1742862056018128_3308055507555561560_n.jpg#originWidth=200&originHeight=200,2017-07-18T23:59:59Z,2017-08-01,2017-08-15,True,False,False,2023-07-02T23:05:58Z,2023-11-17T12:45:35Z
7,project_id_7,,202406 | 第六屆全球菁英領袖計畫 國際志工@泰國清萊,Join us for 202406 | 第六屆全球菁英領袖計畫 國際志工@泰國清萊,"{""nodes"":[{""type"":""PARAGRAPH"",""id"":""zf2b31288"",""nodes"":[],""paragraphData"":{}},{""type"":""VIDEO"",""id"":""qsct11281"",""nodes"":[],""videoData"":{""containerData"":{""width"":{""size"":""CONTENT""},""alignment"":""CENTER"",""textWrap"":true},""video"":{""src"":{""id"":""video/147cc0_de0684d8bb1c4ce8b2eff5b7a0c19b0d/720p/mp4/file.mp4""},""duration"":59.125},""thumbnail"":{""src"":{""id"":""media/147cc0_de0684d8bb1c4ce8b2eff5b7a0c19b0df000.jpg""},""width"":1280,""height"":720}}},{""type"":""PARAGRAPH"",""id"":""6f90f1299"",""nodes"":[],""paragraphData"":{}},{""type"":""PARAGRAPH"",""id"":""4muk21968"",""nodes"":[{""type"":""TEXT"",""id"":"""",""nodes"":[],""textData"":{""text"":""1.計畫宗旨 Project Purpose:"",""decorations"":[{""type"":""COLOR"",""colorData"":{""background"":"""",""foreground"":""black""}}]}}],""paragraphData"":{}},{""type"":""PARAGRAPH"",""id"":""xc2s62058"",""nodes"":[{""type"":""TEXT"",""id"":"""",""nodes"":[],""textData"":{""text"":""GDA國際志工團隊泰國清萊之旅的目的在於力促青年發揮GDA立會的信念，即貢獻所學、共同學習的精神。透過參與國際志工服務、教育和文化交流，我們致力於建立國際友誼。我們期望此行能夠為參與者和當地社區帶來積極的變革和發展，同時促進跨文化理解和共融發展。這是一個共同學習和成長的機會，不僅能提升參與者的全球公民價值觀，深化對全球議題的認識",Open to all volunteers passionate about community service.,Taiwan,Community Development,40,Medium,13,31,,,,,wix:image://v1/11062b_98555c696ead428ebe5c43551fe6a048~mv2.jpeg/An%20elephant%20splashing%20water%20at%20people.jpeg#originWidth=3363&originHeight=2242,2024-07-18T23:59:59Z,2024-08-01,2024-08-15,True,False,False,2023-07-24T05:35:15Z,2024-01-15T17:23:43Z
8,project_id_8,,"202402 | 全球菁英領袖計畫
AHS 在台灣|台南燈會",打造無國界學習交流平台，開拓學生國際視野、提升語言能力，並為躍上國際舞台作準備。現在就報名我們的「全球菁英領袖計畫」！,"{""nodes"":[{""type"":""HEADING"",""id"":""q076n1151"",""nodes"":[{""type"":""TEXT"",""id"":"""",""nodes"":[],""textData"":{""text"":""活動宣傳影片"",""decorations"":[]}}],""headingData"":{""level"":4,""textStyle"":{""textAlignment"":""AUTO""},""indentation"":0}},{""type"":""VIDEO"",""id"":""nm4fc1148"",""nodes"":[],""videoData"":{""containerData"":{""width"":{""size"":""CONTENT""},""alignment"":""CENTER"",""textWrap"":true},""video"":{""src"":{""url"":""https://youtu.be/CqtVeKf0AMw""},""duration"":481},""thumbnail"":{""src"":{}}}},{""type"":""PARAGRAPH"",""id"":""d26tz1152"",""nodes"":[],""paragraphData"":{""textStyle"":{""textAlignment"":""AUTO""},""indentation"":0}}],""metadata"":{""version"":1,""createdTimestamp"":""2023-09-20T05:29:38.016Z"",""updatedTimestamp"":""2023-09-20T05:29:38.016Z"",""id"":""a9374f49-3bc1-46a8-9003-89ebb4b8c4eb""},""documentStyle"":{}}",Open to all volunteers passionate about community service.,Taiwan,Community Development,40,Medium,11,28,,,,,wix:image://v1/11062b_8a8c8ef2b6b14bc3b9e0422771b9b6b6~mv2.jpg/%E5%85%83%E5%AE%B5%E7%AF%80.jpg#originWidth=4800&originHeight=3200,2024-02-02T23:59:59Z,2024-02-16,2024-02-25,True,False,False,2023-08-04T15:05:05Z,2024-04-23T12:16:41Z
9,project_id_9,,2018.12.26 第一屆菁英領袖計畫-桃園市教育局 贈書儀式,Join us for 2018.12.26 第一屆菁英領袖計畫-桃園市教育局 贈書儀式,An exciting volunteer opportunity in Taiwan.,Open to all volunteers passionate about community service.,Taiwan,Community Development,40,Medium,6,21,,,,,wix:image://v1/147cc0_facc54fe337342cf8a0747bd150dad02~mv2.jpg/%E5%85%A8%E9%AB%94%E5%90%88%E7%85%A7-01.jpg#originWidth=1500&originHeight=1000,2018-07-18T23:59:59Z,2018-08-01,2018-08-15,True,False,False,2023-07-02T12:53:25Z,2023-11-17T12:45:35Z
10,project_id_10,,202407 | 泰國清萊國際志工,Join us for 202407 | 泰國清萊國際志工,"{""nodes"":[{""type"":""PARAGRAPH"",""id"":""dhm6t13275"",""nodes"":[],""paragraphData"":{}},{""type"":""PARAGRAPH"",""id"":""ef01i135"",""nodes"":[],""paragraphData"":{}},{""type"":""PARAGRAPH"",""id"":""0xmk0216"",""nodes"":[],""paragraphData"":{}},{""type"":""PARAGRAPH"",""id"":""p9w64226"",""nodes"":[],""paragraphData"":{}},{""type"":""IMAGE"",""id"":""7enb7225"",""nodes"":[],""imageData"":{""containerData"":{""width"":{""size"":""CONTENT""},""alignment"":""CENTER"",""textWrap"":true},""image"":{""src"":{""id"":""09b848_b0bb93ad5d9d4260be70253c85419a19~mv2.jpg""},""width"":775,""height"":1055}}},{""type"":""PARAGRAPH"",""id"":""doyny227"",""nodes"":[],""paragraphData"":{}},{""type"":""PARAGRAPH"",""id"":""w0f9t217"",""nodes"":[],""paragraphData"":{}},{""type"":""PARAGRAPH"",""id"":""48g8o13276"",""nodes"":[],""paragraphData"":{}}],""metadata"":{""version"":1,""createdTimestamp"":""2023-07-24T05:36:14.187Z"",""updatedTimestamp"":""2023-07-24T05:36:14.187Z"",""id"":""87e70222-71aa-4985-89b8-e9b203b29205""},""documentStyle"":{}}",Open to all volunteers passionate about community service.,Taiwan,Community Development,40,Medium,10,28,,,,,wix:image://v1/11062b_e298cfdb13fc435c87ec381beb6fc85e~mv2.jpg/%E6%8B%B3%E9%A0%AD%E7%A2%B0%E6%92%9E.jpg#originWidth=5760&originHeight=3840,2024-07-18T23:59:59Z,2024-08-01,2024-08-15,True,False,False,2024-01-15T16:16:04Z,2024-01-15T16:20:52Z
11,project_id_11,,2023.04.01第五屆全球菁英計畫-柏克萊高中訪台計畫,​Berkeley High School Trip Around Taiwan,An exciting volunteer opportunity in Taiwan.,Open to all volunteers passionate about community service.,Taiwan,Community Development,40,Medium,5,25,,,,,wix:image://v1/fb2e4f_7555378614a24c719bfded3d6cc0e47b~mv2.jpg/LINE_ALBUM_20230401%20Day2_230403_17.jpg#originWidth=1477&originHeight=1108,2023-03-18T23:59:59Z,2023-04-01,2023-04-09,True,False,False,2023-07-02T04:57:38Z,2023-11-17T12:45:35Z
12,project_id_12,,2021.07.21第四屆全球菁英領袖計畫-TCamp青銀樂活多語計畫：吃飯皇帝大,Join us for 2021.07.21第四屆全球菁英領袖計畫-TCamp青銀樂活多語計畫：吃飯皇帝大,An exciting volunteer opportunity in Taiwan.,Open to all volunteers passionate about community service.,Taiwan,Community Development,40,Medium,11,21,,,,,,2021-07-18T23:59:59Z,2021-08-01,2021-08-15,True,False,False,2023-07-02T05:27:08Z,2023-11-17T12:45:35Z
13,project_id_13,,2023.07.06全球貢(共)學協會-第三屆會員回娘家,Join us for 2023.07.06全球貢(共)學協會-第三屆會員回娘家,An exciting volunteer opportunity in Taiwan.,Open to all volunteers passionate about community service.,Taiwan,Community Development,40,Medium,9,29,,,,,,2023-07-18T23:59:59Z,2023-08-01,2023-08-15,True,False,False,2023-07-10T07:11:49Z,2023-11-17T12:45:35Z
14,project_id_14,,2019.11.22第二屆菁英領袖計畫-聯新醫院：院內服務類,Join us for 2019.11.22第二屆菁英領袖計畫-聯新醫院：院內服務類,An exciting volunteer opportunity in Taiwan.,Open to all volunteers passionate about community service.,Taiwan,Community Development,40,Medium,8,28,,,,,wix:image://v1/5150f3_5ec72dd96d504b5ab1cfe4b4efef0725~mv2.jpg/20191020%E8%B3%87%E8%A8%8A%E8%AE%80%E6%9B%B8%E6%9C%83_191122_0001.jpg#originWidth=2048&originHeight=1024,2019-07-18T23:59:59Z,2019-08-01,2019-08-15,True,False,False,2023-07-02T08:55:18Z,2023-11-17T12:45:35Z
15,project_id_15,,2019.04.11全球貢（共）學志工協會兩周年成果發表會 暨 中央大學 Practices Community聯名簽約儀式 ​,Join us for 2019.04.11全球貢（共）學志工協會兩周年成果發表會 暨 中央大學 Practices Community聯名簽約儀式 ​,An exciting volunteer opportunity in Taiwan.,Open to all volunteers passionate about community service.,Taiwan,Community Development,40,Medium,15,29,,,,,wix:image://v1/5150f3_523966df2d164b258f420b45c51a84b3~mv2.png/%E6%93%B7%E5%8F%96.PNG#originWidth=1282&originHeight=678,2019-07-18T23:59:59Z,2019-08-01,2019-08-15,True,False,False,2023-07-02T06:30:54Z,2023-11-17T12:45:35Z
16,project_id_16,,2023.06.09第五屆全球菁英計畫-  Pasadena La Salle 訪台計畫,Join us for 2023.06.09第五屆全球菁英計畫-  Pasadena La Salle 訪台計畫,An exciting volunteer opportunity in Taiwan.,Open to all volunteers passionate about community service.,Taiwan,Community Development,40,Medium,9,25,,,,,wix:image://v1/99728a_ffe146d812e1426db9b20e46591ddf25~mv2.jpg/S__6340764.jpg#originWidth=1707&originHeight=960,2023-05-26T23:59:59Z,2023-06-09,2023-06-18,True,False,False,2023-07-10T06:42:05Z,2025-06-08T15:17:07Z
17,project_id_17,,2019.07.26第二屆菁英領袖計畫-全球貢學志工協會  與  普羅米修斯壯遊團隊 訪談交流,Join us for 2019.07.26第二屆菁英領袖計畫-全球貢學志工協會  與  普羅米修斯壯遊團隊 訪談交流,An exciting volunteer opportunity in Taiwan.,Open to all volunteers passionate about community service.,Taiwan,Community Development,40,Medium,5,24,,,,,wix:image://v1/5150f3_3274a5087c6c436b8b1489c42a54a01d~mv2_d_2576_1932_s_2.jpg/20190726_112840.jpg#originWidth=2576&originHeight=1932,2019-07-18T23:59:59Z,2019-08-01,2019-08-15,True,False,False,2023-07-02T08:51:25Z,2023-11-17T12:45:35Z
18,project_id_18,,2019.08.04第二屆菁英領袖計畫-夏日愛交流 : 志工回饋活動,Join us for 2019.08.04第二屆菁英領袖計畫-夏日愛交流 : 志工回饋活動,An exciting volunteer opportunity in Taiwan.,Open to all volunteers passionate about community service.,Taiwan,Community Development,40,Medium,12,28,,,,,wix:image://v1/5150f3_f0abd8e150e745db8c1cfd1021cb8e34~mv2.jpg/%E5%A4%8F%E6%97%A5%E6%84%9B%E4%BA%A4%E6%B5%81%E6%B4%BB%E5%8B%95%E5%82%B3%E5%96%AE.jpg#originWidth=472&originHeight=643,2019-07-18T23:59:59Z,2019-08-01,2019-08-15,True,False,False,2023-07-02T08:29:45Z,2023-11-17T12:45:35Z
19,project_id_19,,2020.12.02 第三屆菁英領袖計畫-新北市頭前國中推廣協會理念,Join us for 2020.12.02 第三屆菁英領袖計畫-新北市頭前國中推廣協會理念,An exciting volunteer opportunity in Taiwan.,Open to all volunteers passionate about community service.,Taiwan,Community Development,40,Medium,11,22,,,,,wix:image://v1/5150f3_886cbf4406af4f46bfb0de8ad6620c17~mv2.webp/S__24551949.jpg.webp#originWidth=842&originHeight=632,2020-07-18T23:59:59Z,2020-08-01,2020-08-15,True,False,False,2023-07-02T05:54:37Z,2023-11-17T12:45:35Z
20,project_id_20,,​2018.07.29 第一屆菁英領袖計畫-世界地球日活動,Join us for ​2018.07.29 第一屆菁英領袖計畫-世界地球日活動,An exciting volunteer opportunity in Taiwan.,Open to all volunteers passionate about community service.,Taiwan,Community Development,40,Medium,11,25,,,,,wix:image://v1/5150f3_33df29e10c7947c692ce559e8e061e73~mv2_d_2730_1536_s_2.jpg/728%E4%B8%96%E7%95%8C%E5%9C%B0%E7%90%83%E6%97%A5_180729_0051.jpg#originWidth=2730&originHeight=1536,2018-07-18T23:59:59Z,2018-08-01,2018-08-15,True,False,False,2023-07-02T13:47:57Z,2023-11-17T12:45:35Z
21,project_id_21,,2025 第七屆 全球菁英領袖計畫  洛城奇妙探險 親子共遊學,Join us for 2025 第七屆 全球菁英領袖計畫  洛城奇妙探險 親子共遊學,"{""nodes"":[{""type"":""PARAGRAPH"",""id"":""6jymp143"",""nodes"":[],""paragraphData"":{}}],""metadata"":{""version"":1,""createdTimestamp"":""2022-12-19T17:56:18.279Z"",""updatedTimestamp"":""2022-12-19T17:56:18.279Z"",""id"":""8f1ea7f3-df75-4a4e-a1ad-6735e8543700""},""documentStyle"":{}}",Open to all volunteers passionate about community service.,Taiwan,Community Development,40,Medium,13,24,,,,,wix:image://v1/5150f3_6d815685ce564083acf6502df1810eb8~mv2.png/1.png#originWidth=940&originHeight=280,2025-01-03T23:59:59Z,2025-01-17,2025-01-27,True,False,False,2024-10-24T01:19:06Z,2024-10-24T05:51:26Z
22,project_id_22,,2021.07.19 第四屆全球菁英領袖計畫-提升高中生英文成效營隊,Join us for 2021.07.19 第四屆全球菁英領袖計畫-提升高中生英文成效營隊,An exciting volunteer opportunity in Taiwan.,Open to all volunteers passionate about community service.,Taiwan,Community Development,40,Medium,5,33,,,,,wix:image://v1/5150f3_395fd07cdf184694b47465d9c975b4c3~mv2.jpg/20.jpg#originWidth=1108&originHeight=1478,2021-07-05T23:59:59Z,2021-07-19,2021-07-21,True,False,False,2023-07-02T05:44:23Z,2023-11-17T12:45:35Z
23,project_id_23,,2019.01.28第二屆全球菁英領袖計畫-台美青年文化交流,Join us for 2019.01.28第二屆全球菁英領袖計畫-台美青年文化交流,"{""nodes"":[{""type"":""PARAGRAPH"",""id"":""fny8w1621"",""nodes"":[],""paragraphData"":{}},{""type"":""IMAGE"",""id"":""qbunt1620"",""nodes"":[],""imageData"":{""containerData"":{""width"":{""size"":""CONTENT""},""alignment"":""CENTER"",""textWrap"":true},""image"":{""src"":{""id"":""147cc0_12529bf28ce14f7f871287cc934801b1~mv2_d_2481_3508_s_4_2.jpg""},""width"":2481,""height"":3508}}},{""type"":""PARAGRAPH"",""id"":""xgig01666"",""nodes"":[],""paragraphData"":{}},{""type"":""IMAGE"",""id"":""kfada1665"",""nodes"":[],""imageData"":{""containerData"":{""width"":{""size"":""CONTENT""},""alignment"":""CENTER"",""textWrap"":true},""image"":{""src"":{""id"":""147cc0_a9aace419cef4fa2a3ba5bc5ffee7156~mv2_d_2481_3508_s_4_2.jpg""},""width"":2481,""height"":3508}}},{""type"":""PARAGRAPH"",""id"":""rvhvb1700"",""nodes"":[],""paragraphData"":{}},{""type"":""IMAGE"",""id"":""qh5np1699"",""nodes"":[],""imageData"":{""containerData"":{""width"":{""size"":""CONTENT""},""alignment"":""CENTER"",""textWrap"":true},""image"":{""src"":{""id"":""147cc0_7f02a6e909794fb69848cb74c72ad3de~mv2_d_2481_3508_s_4_2.jpg""},""width"":2481,""height"":3508}}},{""type"":""",Open to all volunteers passionate about community service.,Taiwan,Community Development,40,Medium,6,28,,,,,wix:image://v1/147cc0_1c44792a1f7f4b8783f71b382f1c9cd3~mv2.jpg/2019-01%20%E6%B4%BB%E5%8B%95%E3%80%81%E6%88%90%E6%9E%9C%E7%B4%80%E9%8C%84_181117_0005.jpg#originWidth=960&originHeight=720,2019-01-14T23:59:59Z,2019-01-28,2019-02-01,True,False,False,2023-07-02T09:23:26Z,2023-11-17T12:45:35Z
24,project_id_24,,"202401 |  第六屆全球菁英領袖計畫
La Salle 大學預科中學  寒假上學去!","Join us for 202401 |  第六屆全球菁英領袖計畫
La Salle 大學預科中學  寒假上學去!","{""nodes"":[{""type"":""HEADING"",""id"":""foo"",""nodes"":[{""type"":""TEXT"",""id"":"""",""nodes"":[],""textData"":{""text"":""計劃宗旨"",""decorations"":[{""type"":""COLOR"",""colorData"":{""background"":""#e98e00""}}]}}],""headingData"":{""level"":5,""textStyle"":{""textAlignment"":""AUTO""},""indentation"":0}},{""type"":""PARAGRAPH"",""id"":""bu77b226"",""nodes"":[{""type"":""TEXT"",""id"":"""",""nodes"":[],""textData"":{""text"":""「全球菁英領袖計劃」（"",""decorations"":[{""type"":""COLOR"",""colorData"":{""foreground"":""black""}}]}},{""type"":""TEXT"",""id"":"""",""nodes"":[],""textData"":{""text"":""Global Elite）的主旨是帶著台、美青少年進行雙向交流。"",""decorations"":[]}}],""paragraphData"":{""textStyle"":{""textAlignment"":""AUTO""},""indentation"":1}},{""type"":""PARAGRAPH"",""id"":""7rtac230"",""nodes"":[{""type"":""TEXT"",""id"":"""",""nodes"":[],""textData"":{""text"":""自第一屆始，參與計畫的學生藉參訪多所美國知名大學，包含"",""decorations"":[{""type"":""COLOR"",""colorData"":{""foreground"":""black""}}]}},{""type"":""TEXT"",""id"":"""",""nodes"":[],""textData"":{""text"":"" UCLA、USC、UCI、UCB、Stanford 等，拓展自身的國際教育想像、培養強烈學習企圖。同時，我們更讓學生以一對一學伴共學的方式，進入知名的「柏克萊高中 Bekerley High School」寄讀，親身體驗美國課堂，從而建立學生的全球",Open to all volunteers passionate about community service.,Taiwan,Community Development,40,Medium,7,30,,,,,wix:image://v1/99728a_3c16c28850424689ad496ee8d534b4cd~mv2.jpg/2024%E5%85%A8%E7%90%83%E8%8F%81%E8%8B%B1%E9%A0%98%E8%A2%96%E8%A8%88%E7%95%AB-La%20Salle%20High%20School%20%20%E6%8B%89%E8%B3%BD%E7%88%BE%E9%AB%98%E4%B8%AD.jpg#originWidth=1240&originHeight=600,2024-01-06T23:59:59Z,2024-01-20,2024-02-06,True,False,False,2023-07-16T06:42:11Z,2023-11-17T13:43:15Z
25,project_id_25,,2020.08.12第三屆全球菁英領袖計畫-今年不出國 世界在台東,Join us for 2020.08.12第三屆全球菁英領袖計畫-今年不出國 世界在台東,An exciting volunteer opportunity in Taiwan.,Open to all volunteers passionate about community service.,Taiwan,Community Development,40,Medium,9,22,,,,,wix:image://v1/5150f3_9be58ab549ef4bc8ac41c370a04ec938~mv2.jpg/20200813%20%E6%B4%BB%E5%8B%95%E7%B4%80%E9%8C%84_200815_62.jpg#originWidth=1280&originHeight=960,2020-07-29T23:59:59Z,2020-08-12,2020-08-16,True,False,False,2023-07-01T11:09:24Z,2023-11-17T12:45:35Z
26,project_id_26,,202503 | 全球菁英領袖計劃 Thayer Academy,"➡️ See Taiwan's amazing landscapes and lively cities. Discover a mix of culture, history, and adventure. 
➡️ Walk through the old streets of Shifen and Jiufen, light sky lanterns, and taste local traditions. 
➡️ Learn about Taiwan's schools at Jingmei Girls High School. 
➡️ Visit Sun Moon Lake. Experience Taiwan's natural beauty and vibrant culture. 
➡️ Try making pottery, tea and traditional cakes. 
➡️ Join us in March 2025 for a memorable trip. Will you come? Act now! Visit our website or cont","{""nodes"":[{""type"":""HEADING"",""id"":""3tklg290"",""nodes"":[{""type"":""TEXT"",""id"":"""",""nodes"":[],""textData"":{""text"":""Thayer Academy 活動宣傳影片"",""decorations"":[{""type"":""BOLD"",""fontWeightValue"":700}]}}],""headingData"":{""level"":5}},{""type"":""VIDEO"",""id"":""skoco289"",""nodes"":[],""videoData"":{""containerData"":{""width"":{""size"":""CONTENT""},""alignment"":""CENTER"",""textWrap"":true},""video"":{""src"":{""url"":""https://youtu.be/kPT2MpwSR6Q""},""duration"":157},""thumbnail"":{""src"":{""url"":""https://i.ytimg.com/vi/kPT2MpwSR6Q/maxresdefault.jpg""},""width"":1280,""height"":720},""title"":""2025 Thayer Academy Taiwan Tour""}},{""type"":""PARAGRAPH"",""id"":""xb5xw291"",""nodes"":[],""paragraphData"":{}}],""metadata"":{""version"":1,""createdTimestamp"":""2022-12-19T17:56:18.279Z"",""updatedTimestamp"":""2022-12-19T17:56:18.279Z"",""id"":""1ec44438-61e7-413e-8ed1-75c8e1360d4f""},""documentStyle"":{}}",Open to all volunteers passionate about community service.,Taiwan,Community Development,40,Medium,5,26,,,,,wix:image://v1/5150f3_42bd472d05b64cfa97937bca5aeb1ab3~mv2.png/TA.png#originWidth=1280&originHeight=720,2025-02-22T23:59:59Z,2025-03-08,2025-03-19,True,False,False,2024-11-07T01:08:14Z,2025-03-24T07:42:32Z
27,project_id_27,,2020.01第三屆全球菁英領袖計畫-台美青年文化交流 柏克萊高中,Join us for 2020.01第三屆全球菁英領袖計畫-台美青年文化交流 柏克萊高中,An exciting volunteer opportunity in Taiwan.,Open to all volunteers passionate about community service.,Taiwan,Community Development,40,Medium,8,28,,,,,wix:image://v1/147cc0_ca273fbece284078b5504b956f7c5fc4~mv2.jpg/S__12902586_edited.jpg#originWidth=1478&originHeight=984,2020-01-07T23:59:59Z,2020-01-21,2020-02-09,True,False,False,2023-07-02T07:40:40Z,2023-11-17T12:45:35Z
28,project_id_28,,2021.01.21第四屆全球菁英領袖計畫-TCamp客家文化,Join us for 2021.01.21第四屆全球菁英領袖計畫-TCamp客家文化,An exciting volunteer opportunity in Taiwan.,Open to all volunteers passionate about community service.,Taiwan,Community Development,40,Medium,8,23,,,,,wix:image://v1/5150f3_828eedce9df34cd5b6c9a378b81533f6~mv2.jpg/%E6%BA%90%E5%BC%8F%E4%BB%99%E8%8D%89_210122_115.jpg#originWidth=1478&originHeight=1108,2021-01-07T23:59:59Z,2021-01-21,2021-01-22,True,False,False,2023-07-02T05:54:23Z,2023-11-17T12:45:35Z
29,project_id_29,,2019.07.27第二屆菁英領袖計畫-全臺興趣實踐聯盟,Join us for 2019.07.27第二屆菁英領袖計畫-全臺興趣實踐聯盟,An exciting volunteer opportunity in Taiwan.,Open to all volunteers passionate about community service.,Taiwan,Community Development,40,Medium,9,35,,,,,wix:image://v1/5150f3_765d1deb8bb84fad9f60680a4aeaf662~mv2.jpg/%E5%9C%96%E7%89%871.jpg#originWidth=1516&originHeight=1071,2019-07-13T23:59:59Z,2019-07-27,2019-07-28,True,False,False,2023-07-02T08:39:46Z,2023-11-17T12:45:35Z
30,project_id_30,,2020.03第三屆全球菁英領袖計畫-柏克萊高中訪台計畫(因疫情停止),Join us for 2020.03第三屆全球菁英領袖計畫-柏克萊高中訪台計畫(因疫情停止),An exciting volunteer opportunity in Taiwan.,Open to all volunteers passionate about community service.,Taiwan,Community Development,40,Medium,6,27,,,,,,2020-03-13T23:59:59Z,2020-03-27,2020-04-05,True,False,False,2023-07-02T06:56:46Z,2023-11-17T12:45:35Z
31,project_id_31,,202506 | 全球菁英領袖計劃 St. Mark’s School of Texas,Join us for 202506 | 全球菁英領袖計劃 St. Mark’s School of Texas,"{""nodes"":[{""type"":""HEADING"",""id"":""y1dmc210"",""nodes"":[{""type"":""TEXT"",""id"":"""",""nodes"":[],""textData"":{""text"":"" "",""decorations"":[{""type"":""COLOR"",""colorData"":{""background"":""var(--ricos-custom-h5-background-color,unset)"",""foreground"":""rgb(9, 52, 104)""}},{""type"":""BOLD"",""fontWeightValue"":700}]}},{""type"":""TEXT"",""id"":"""",""nodes"":[],""textData"":{""text"":""St. Mark’s School of Texas 活動宣傳影片"",""decorations"":[{""type"":""BOLD"",""fontWeightValue"":700}]}}],""headingData"":{""level"":5}},{""type"":""VIDEO"",""id"":""fdi1q250"",""nodes"":[],""videoData"":{""containerData"":{""width"":{""size"":""CONTENT""},""alignment"":""CENTER"",""textWrap"":true},""video"":{""src"":{""url"":""https://youtu.be/zvsAjThw5Rg""},""duration"":208},""thumbnail"":{""src"":{""url"":""https://i.ytimg.com/vi/zvsAjThw5Rg/maxresdefault.jpg""},""width"":1280,""height"":720},""title"":""202506 St  Mark's School of Texas  第3版""}},{""type"":""PARAGRAPH"",""id"":""ilagn252"",""nodes"":[],""paragraphData"":{}}],""metadata"":{""version"":1,""createdTimestamp"":""2022-12-19T17:56:18.279Z"",""updatedTimestamp"":""2022-12-19T1",Open to all volunteers passionate about community service.,Taiwan,Community Development,40,Medium,13,32,,,,,wix:image://v1/5150f3_6c5bfedfbbc844018bdccb9e919809f3~mv2.png/St.%20Mark%E2%80%99s%20School%20of%20Texas%20%E5%B0%81%E9%9D%A2.png#originWidth=1280&originHeight=720,2025-05-27T23:59:59Z,2025-06-10,2025-06-21,True,False,False,2024-11-07T02:47:50Z,2025-06-26T12:39:25Z
32,project_id_32,,202404 | 全球菁英領袖計畫 美國 聖心中學,Join us for 202404 | 全球菁英領袖計畫 美國 聖心中學,"{""nodes"":[{""type"":""HEADING"",""id"":""foo"",""nodes"":[{""type"":""TEXT"",""id"":"""",""nodes"":[],""textData"":{""text"":""SHS 活動宣傳影片"",""decorations"":[]}}],""headingData"":{""level"":4,""textStyle"":{""textAlignment"":""AUTO""},""indentation"":0}},{""type"":""PARAGRAPH"",""id"":""7aqaj3552"",""nodes"":[],""paragraphData"":{}},{""type"":""VIDEO"",""id"":""lq0e13423"",""nodes"":[],""videoData"":{""containerData"":{""width"":{""size"":""CONTENT""},""alignment"":""CENTER"",""textWrap"":true},""video"":{""src"":{""url"":""https://youtu.be/GHC-aBg5gPU""},""duration"":436},""thumbnail"":{""src"":{}}}},{""type"":""PARAGRAPH"",""id"":""njvr13553"",""nodes"":[],""paragraphData"":{}}],""metadata"":{""version"":1,""createdTimestamp"":""2023-09-20T06:17:59.226Z"",""updatedTimestamp"":""2023-09-20T06:17:59.226Z"",""id"":""64ab0cfe-a0f8-47be-9ef2-0bed60fe9875""},""documentStyle"":{}}",Open to all volunteers passionate about community service.,Taiwan,Community Development,40,Medium,15,21,,,,,wix:image://v1/5150f3_3b3727ba1aef4c94b03bb4e88621d225~mv2.png/1.png#originWidth=668&originHeight=535,2024-03-15T23:59:59Z,2024-03-29,2024-08-15,True,False,False,2023-08-25T11:16:49Z,2024-04-24T18:29:09Z
33,project_id_33,,2020.05.25第三屆全球菁英領袖計畫-台灣美國青年台東踩線,Join us for 2020.05.25第三屆全球菁英領袖計畫-台灣美國青年台東踩線,An exciting volunteer opportunity in Taiwan.,Open to all volunteers passionate about community service.,Taiwan,Community Development,40,Medium,12,27,,,,,wix:image://v1/5150f3_0dcadc26e99a47faafffface882244c6~mv2.jpg/103705071_2398910157079978_856205403382139879_o.jpg#originWidth=958&originHeight=1708,2020-07-18T23:59:59Z,2020-08-01,2020-08-15,True,False,False,2023-07-01T11:01:31Z,2024-04-23T14:15:20Z
34,project_id_34,,2020.08.03第三屆菁英領袖計畫-東興國中英語資優營,Join us for 2020.08.03第三屆菁英領袖計畫-東興國中英語資優營,An exciting volunteer opportunity in Taiwan.,Open to all volunteers passionate about community service.,Taiwan,Community Development,40,Medium,15,20,,,,,wix:image://v1/5150f3_ff635eb75a3c4a209dcf63413c891a69~mv2_d_2048_1536_s_2.jpg/line_658911113431733.jpg#originWidth=2048&originHeight=1536,2020-07-20T23:59:59Z,2020-08-03,2020-08-04,True,False,False,2023-07-02T06:23:52Z,2023-11-17T12:45:35Z
35,project_id_35,,2023.01.22第五屆全球菁英計畫-Berkeley High School 柏克萊高中文化交流,Join us for 2023.01.22第五屆全球菁英計畫-Berkeley High School 柏克萊高中文化交流,An exciting volunteer opportunity in Taiwan.,Open to all volunteers passionate about community service.,Taiwan,Community Development,40,Medium,10,22,,,,,wix:image://v1/719c6f_772f1068ff054184b8d0f0d9ea6713ba~mv2.jpg/IMG_3425.JPG#originWidth=4032&originHeight=3024,2023-01-08T23:59:59Z,2023-01-22,2023-02-06,True,False,False,2023-09-28T01:43:12Z,2024-04-23T12:22:45Z
36,project_id_36,,"202401 | 第六屆全球菁英領袖計畫
Berkeley High School  & 拉賽爾高中 La Salle 寒假上學去!",打造無國界學習交流平台，開拓學生國際視野、提升語言能力，並為躍上國際舞台作準備。,"{""nodes"":[{""type"":""HEADING"",""id"":""foo"",""nodes"":[{""type"":""TEXT"",""id"":"""",""nodes"":[],""textData"":{""text"":""計劃宗旨"",""decorations"":[{""type"":""COLOR"",""colorData"":{""background"":""#e98e00""}}]}}],""headingData"":{""level"":6,""textStyle"":{""textAlignment"":""AUTO""},""indentation"":0}},{""type"":""PARAGRAPH"",""id"":""bu77b226"",""nodes"":[{""type"":""TEXT"",""id"":"""",""nodes"":[],""textData"":{""text"":""「全球菁英領袖計劃」（"",""decorations"":[{""type"":""COLOR"",""colorData"":{""foreground"":""black""}}]}},{""type"":""TEXT"",""id"":"""",""nodes"":[],""textData"":{""text"":""Global Elite）的主旨是帶著台、美青少年進行雙向交流。"",""decorations"":[]}}],""paragraphData"":{""textStyle"":{""textAlignment"":""AUTO""},""indentation"":1}},{""type"":""PARAGRAPH"",""id"":""7rtac230"",""nodes"":[{""type"":""TEXT"",""id"":"""",""nodes"":[],""textData"":{""text"":""自第一屆始，參與計畫的學生藉參訪多所美國知名大學，包含"",""decorations"":[{""type"":""COLOR"",""colorData"":{""foreground"":""black""}}]}},{""type"":""TEXT"",""id"":"""",""nodes"":[],""textData"":{""text"":"" UCLA、USC、UCI、UCB、Stanford 等，拓展自身的國際教育想像、培養強烈學習企圖。同時，我們更讓學生以一對一學伴共學的方式，進入知名的「柏克萊高中 Bekerley High School 」寄讀，親身體驗美國課堂，從而建立學生的全",Open to all volunteers passionate about community service.,Taiwan,Community Development,40,Medium,13,35,,,,,wix:image://v1/99728a_72de79ad97014ce8b986bd32a2ec22e8~mv2.jpg/2024%E5%85%A8%E7%90%83%E8%8F%81%E8%8B%B1%E9%A0%98%E8%A2%96%E8%A8%88%E7%95%AB-Berkeley%20High%20School%E6%9F%8F%E5%85%8B%E8%90%8A%E9%AB%98%E4%B8%AD%20.jpg#originWidth=1240&originHeight=600,2024-01-06T23:59:59Z,2024-01-20,2024-02-06,True,False,False,2023-07-01T09:09:39Z,2023-11-17T13:43:13Z
37,project_id_37,,2017.06.05 創立年菁英領袖計畫-蘭嶼志工,Join us for 2017.06.05 創立年菁英領袖計畫-蘭嶼志工,An exciting volunteer opportunity in Taiwan.,Open to all volunteers passionate about community service.,Taiwan,Community Development,40,Medium,13,35,,,,,wix:image://v1/147cc0_b54cf29c56014b94a1e28c0382412f86~mv2.png/%E5%9C%96%E7%89%876.png#originWidth=506&originHeight=681,2017-05-22T23:59:59Z,2017-06-05,2017-06-16,True,False,False,2023-07-02T23:05:37Z,2023-11-17T12:45:35Z
38,project_id_38,,2019.03.29第二屆全球菁英領袖計畫-台美青年絲路文化探索,Join us for 2019.03.29第二屆全球菁英領袖計畫-台美青年絲路文化探索,An exciting volunteer opportunity in Taiwan.,Open to all volunteers passionate about community service.,Taiwan,Community Development,40,Medium,10,21,,,,,wix:image://v1/147cc0_a2c05528f8074b11bbe3f906142005c9~mv2.jpg/2019%20%E7%B5%B2%E8%B7%AF%20%20%E5%8F%B0%E7%BE%8E%E9%9D%92%E5%B9%B4%E4%BA%A4%E6%B5%81%20%E4%BC%81%E5%8A%83%E6%9B%B8%E5%9C%96_181117_0011.jpg#originWidth=794&originHeight=1123,2019-03-15T23:59:59Z,2019-03-29,2019-04-07,True,False,False,2023-07-02T09:09:00Z,2023-11-17T12:45:35Z
39,project_id_39,,2019.08.08第二屆菁英領袖計畫-文化國小英語資優營,Join us for 2019.08.08第二屆菁英領袖計畫-文化國小英語資優營,An exciting volunteer opportunity in Taiwan.,Open to all volunteers passionate about community service.,Taiwan,Community Development,40,Medium,10,29,,,,,wix:image://v1/5150f3_02f57b0226e246d69ceb589de1ee3dc5~mv2.jpg/%E6%96%87%E5%8C%96%E5%9C%8B%E5%B0%8F_190808_0089.jpg#originWidth=1478&originHeight=1108,2019-07-18T23:59:59Z,2019-08-01,2019-08-15,True,False,False,2023-07-02T06:02:45Z,2023-11-17T12:45:35Z
